Hour,Usage (kWh)
0,3.24614
1,0.0037466
2,1.41832
3,7.73206
4,4.05972
5,0.827519
6,3.40681
7,7.1777
8,2.52357
9,8.66878
10,9.94422
11,5.46903
12,5.73312
13,4.77426
14,3.86479
15,7.08449
16,6.75851
17,8.67856
18,8.17483
19,1.22054
20,8.99107
21,6.32634
22,1.90075
23,5.2317
