Hour,Usage (kWh)
0,7.26249
1,9.15339
2,5.94324
3,5.15358
4,9.75149
5,6.61561
6,5.28652
7,7.88493
8,0.741007
9,3.2985
10,5.83744
11,0.309722
12,9.28593
13,0.197524
14,7.79372
15,3.36045
16,3.42526
17,4.1482
18,9.07313
19,6.5148
20,5.7063
21,0.0782814
22,2.86952
23,7.29566
