Hour,Usage (kWh)
0,4.73737
1,7.61433
2,1.94216
3,7.6263
4,3.19044
5,0.360996
6,7.3974
7,1.83188
8,8.37697
9,9.15656
10,6.90447
11,3.35732
12,0.12616
13,3.19751
14,3.99685
15,1.94276
16,3.62624
17,1.34482
18,6.14458
19,9.17203
20,4.95628
21,6.60898
22,4.93805
23,9.50908
