Hour,Usage (kWh)
0,1.29175
1,0.743766
2,6.09938
3,0.214362
4,1.52201
5,9.54706
6,8.04683
7,2.4423
8,3.25197
9,4.39305
10,1.34788
11,5.94723
12,9.78216
13,0.886125
14,2.93941
15,2.39044
16,5.16612
17,0.45971
18,2.64659
19,6.71367
20,7.8927
21,3.64419
22,1.1343
23,1.66792
