Hour,Usage (kWh)
0,3.27111
1,5.09201
2,9.42723
3,5.47782
4,9.58989
5,5.13067
6,8.26191
7,5.41813
8,7.90481
9,8.37972
10,1.63985
11,6.51232
12,5.37327
13,1.18123
14,6.11133
15,1.60802
16,1.92219
17,1.71674
18,7.31074
19,4.67104
20,4.14429
21,0.308075
22,0.587546
23,2.08376
